{
  "sum":"3",
  "sumprice":"3445",
  "products":[
    {
      "name" : "iphone6s",
      "price" :"6666",
      "description" :"手机中的战斗机",
      "youhuijia" :"5555",
      "sum" :"333"
    },
    {
      "name" : "iphone6s",
      "price" :"6666",
      "description" :"手机中的战斗机",
      "youhuijia" :"5555",
      "sum" :"333"
    },
    {
      "name" : "iphone6s",
      "price" :"6666",
      "description" :"手机中的战斗机",
      "youhuijia" :"5555",
      "sum" :"333"
    },
    {
      "name" : "iphone6s",
      "price" :"6666",
      "description" :"手机中的战斗机",
      "youhuijia" :"5555",
      "sum" :"333"
    }
  ]
}

